case_index,spell_id,label,expected_accepted,accepted,peak_sprites,end_sprites,end_atoms,end_blocking,initial_update_ms,mean_tick_ms,max_tick_ms
0,Pyromancy_Kindle,"Kindle",True,True,11,0,0,False,0.086300,0.004165,0.043100
1,Pyromancy_EmberVein,"Ember Vein",True,True,30,0,0,False,0.050600,0.002801,0.088500
2,Hydromancy_JetBlast,"Jet Blast",True,True,41,0,0,False,0.043900,0.003463,0.087400
3,Hydromancy_DrenchLob,"Drench Lob",True,True,59,0,0,False,0.037600,0.002812,0.127100
4,Galvanism_Thunderclap,"Thunderclap",True,True,192,0,0,False,0.078500,0.009393,0.418600
5,Cryomancy_GlacialWall,"Glacial Wall",True,True,2,0,0,False,0.026500,0.000743,0.004700
6,Spellcraft_WardGleam,"Ward Gleam",True,True,2,0,0,False,0.042800,0.000811,0.008600
7,Rites_BloodletterLedger,"Rite of the Bloodletter's Ledger · fed marks",True,True,14,0,0,False,0.053400,0.002325,0.025800
8,Corrosion_AcidSpray,"Acid Spray",True,True,11,0,0,False,0.031500,0.001591,0.021700
9,Cryomancy_ChillDraft,"Chill Draft",True,True,18,0,0,False,0.021500,0.001179,0.020100
10,Cryomancy_ColdSnap,"Cold Snap",True,True,74,0,0,False,0.032200,0.002995,0.079900
11,Cryomancy_Frostbind,"Frostbind",True,True,10,0,0,False,0.025200,0.001035,0.016600
12,Cryomancy_Hibernate,"Hibernate",True,True,10,0,0,False,0.028700,0.001017,0.016500
13,Cryomancy_IceLance,"Ice Lance",True,True,11,0,0,False,0.043900,0.001575,0.021700
14,Cryomancy_RimeGrip,"Rime Grip",True,True,10,0,0,False,0.039800,0.001481,0.019400
15,Cryomancy_RimeNova,"Rime Nova",True,True,74,0,0,False,0.072800,0.004926,0.082300
16,Galvanism_ArcBolt,"Arc Bolt",True,True,11,0,0,False,0.049600,0.001571,0.020300
17,Galvanism_BacklashCoil,"Backlash Coil",True,True,25,0,0,False,0.031100,0.001907,0.030800
18,Galvanism_GroundSurge,"Ground Surge",True,True,26,0,0,False,0.046500,0.002444,0.042700
19,Galvanism_Overload,"Overload",True,True,22,0,0,False,0.053700,0.002525,0.047100
20,Galvanism_RailSpike,"Rail Spike",True,True,22,0,0,False,0.056900,0.002171,0.039800
21,Hydromancy_ConjureRain,"Conjure Rain",True,True,30,0,0,False,0.039200,0.001719,0.044600
22,Hydromancy_ConjureWater,"Conjure Water",True,True,4,0,0,False,0.033600,0.002654,0.018300
23,Hydromancy_DryingBreeze,"Drying Breeze",True,True,18,0,0,False,0.032700,0.001220,0.020300
24,Hydromancy_Quench,"Quench",True,True,11,0,0,False,0.044000,0.001485,0.020700
25,Hydromancy_Undertow,"Undertow",True,True,13,0,0,False,0.037200,0.001546,0.022000
26,Pyromancy_Backdraft,"Backdraft",True,True,35,0,0,False,0.087300,0.007637,0.067200
27,Pyromancy_Conflagration,"Conflagration",True,True,74,0,0,False,0.060500,0.007980,0.087800
28,Pyromancy_EmberSpit,"Ember Spit",True,True,11,0,0,False,0.052500,0.003509,0.021000
29,Pyromancy_FlameJet,"Flame Jet",True,True,42,0,0,False,0.054800,0.007470,0.076300
30,Pyromancy_FlamingHands,"Flaming Hands",True,True,10,0,0,False,0.038400,0.001727,0.022300
31,Pyromancy_HeartFlame,"Heart Flame",True,True,10,0,0,False,0.042700,0.001072,0.019000
32,Pyromancy_Hearthwarm,"Hearthwarm",True,True,4,0,0,False,0.029800,0.000785,0.006700
33,Pyromancy_KindleFlame,"Kindle Flame",True,True,2,0,0,False,0.042900,0.000763,0.008100
34,Pyromancy_Oilmark,"Oilmark",True,True,24,0,0,False,0.027800,0.001466,0.034500
35,Pyromancy_Pyroclasm,"Pyroclasm",True,True,42,0,0,False,0.060000,0.003149,0.059900
36,Rites_Fulmination,"Fulmination · fed marks",True,True,11,0,0,False,0.426200,0.001633,0.018300
37,Rites_HangingBolt,"Rite of the Hanging Bolt · fed marks",True,True,12,0,0,False,0.049700,0.001751,0.018100
38,Rites_HollowCoin,"Rite of the Hollow Coin · fed marks",True,True,12,0,0,False,0.075500,0.002137,0.021300
39,Rites_RenderedSteam,"Rite of Rendered Steam · fed marks",True,True,80,0,0,False,0.382100,0.005416,0.083500
40,Rites_ScaldingVeil,"Rite of the Scalding Veil · fed marks",True,True,11,0,0,False,0.041500,0.001177,0.017500
41,Rites_ShatteredRime,"Rite of the Shattered Rime · fed marks",True,True,48,0,0,False,0.384800,0.004450,0.064300
42,Rites_StillHeart,"Rite of the Still Heart · fed marks",True,True,12,0,0,False,0.036400,0.001661,0.017700
43,Rites_StormAnvil,"Rite of the Storm Anvil · fed marks",True,True,80,0,0,False,0.054500,0.005340,0.085000
44,Rites_SunderingWord,"Rite of the Sundering Word · fed marks",True,True,80,0,0,False,0.047300,0.005332,0.084600
45,Rites_VerdigrisBloom,"Rite of the Verdigris Bloom · fed marks",True,True,80,0,0,False,0.405000,0.005406,0.079300
46,Spellcraft_ArcaneSurge,"Arcane Surge",True,True,2,0,0,False,0.020900,0.000730,0.005100
47,Spellcraft_Calm,"Calm",True,True,11,0,0,False,0.026700,0.001120,0.021600
48,Spellcraft_LeyTap,"Ley Tap",True,True,10,0,0,False,0.029400,0.001069,0.020900
49,Rites_BloodletterLedger,"Rite of the Bloodletter's Ledger · zero marks",True,True,10,0,0,False,0.028900,0.001569,0.020200
50,Rites_Fulmination,"Fulmination · zero marks",True,True,10,0,0,False,0.038300,0.001570,0.020300
51,Rites_HangingBolt,"Rite of the Hanging Bolt · zero marks",True,True,10,0,0,False,0.044100,0.001547,0.020700
52,Rites_HollowCoin,"Rite of the Hollow Coin · zero marks",True,True,10,0,0,False,0.035300,0.001519,0.020200
53,Rites_RenderedSteam,"Rite of Rendered Steam · zero marks",True,True,74,0,0,False,0.042100,0.004272,0.080700
54,Rites_ScaldingVeil,"Rite of the Scalding Veil · dry refusal",False,False,0,0,0,False,0.003300,0.000576,0.000700
55,Rites_ShatteredRime,"Rite of the Shattered Rime · zero marks",True,True,42,0,0,False,0.050200,0.003205,0.059300
56,Rites_StillHeart,"Rite of the Still Heart · zero marks",True,True,10,0,0,False,0.040100,0.001540,0.021100
57,Rites_StormAnvil,"Rite of the Storm Anvil · zero marks",True,True,74,0,0,False,0.042100,0.004258,0.081500
58,Rites_SunderingWord,"Rite of the Sundering Word · zero marks",True,True,74,0,0,False,0.048100,0.004245,0.082400
59,Rites_VerdigrisBloom,"Rite of the Verdigris Bloom · zero marks",True,True,74,0,0,False,0.046400,0.004305,0.085700
60,Pyromancy_Kindle,"Kindle · heat immunity",True,True,11,0,0,False,0.033800,0.002744,0.018500
61,Pyromancy_Kindle,"Kindle · blocked path",True,True,2,0,0,False,0.026700,0.000714,0.005200
62,Hydromancy_DrenchLob,"Drench Lob · no-direction refusal",False,False,0,0,0,False,0.003000,0.000637,0.013100
63,Pyromancy_Kindle,"Kindle · lethal impact",True,True,11,0,0,False,0.043600,0.002126,0.026500
64,Hydromancy_JetBlast,"Jet Blast · captured position, resolved push",True,True,41,0,0,False,0.045600,0.003114,0.066600
65,Pyromancy_Kindle,"Kindle · outside field of view",True,True,11,0,0,False,0.048000,0.003467,0.021700
