1	Overworld.0.0.0
1	Overworld.0.10.0
1	Overworld.0.9.0
1	Overworld.1.0.0
1	Overworld.1.2.0
1	Overworld.1.9.0
1	Overworld.10.0.0
1	Overworld.10.10.0
1	Overworld.10.14.0
1	Overworld.11.0.0
1	Overworld.12.0.0
1	Overworld.12.12.0
1	Overworld.13.0.0
1	Overworld.14.0.0
1	Overworld.14.9.0
1	Overworld.15.0.0
1	Overworld.15.13.0
1	Overworld.16.0.0
1	Overworld.16.1.0
1	Overworld.16.13.0
1	Overworld.17.13.0
1	Overworld.18.2.0
1	Overworld.19.12.0
1	Overworld.19.13.0
1	Overworld.2.0.0
1	Overworld.2.1.0
1	Overworld.2.9.0
1	Overworld.3.0.0
1	Overworld.3.1.0
1	Overworld.3.6.0
1	Overworld.4.1.0
1	Overworld.5.9.0
1	Overworld.8.0.0
1	Overworld.8.0.1
1	Overworld.8.0.3
1	Overworld.8.0.5
1	Overworld.8.16.0
1	Overworld.9.0.0
64	Overworld.0.0.0
64	Overworld.0.10.0
64	Overworld.0.9.0
64	Overworld.1.0.0
64	Overworld.1.2.0
64	Overworld.1.9.0
64	Overworld.10.0.0
64	Overworld.10.10.0
64	Overworld.10.14.0
64	Overworld.10.17.0
64	Overworld.11.0.0
64	Overworld.12.12.0
64	Overworld.13.0.0
64	Overworld.14.0.0
64	Overworld.14.9.0
64	Overworld.15.0.0
64	Overworld.15.13.0
64	Overworld.16.0.0
64	Overworld.16.1.0
64	Overworld.16.13.0
64	Overworld.17.13.0
64	Overworld.17.8.0
64	Overworld.19.12.0
64	Overworld.2.0.0
64	Overworld.2.1.0
64	Overworld.2.9.0
64	Overworld.3.0.0
64	Overworld.3.1.0
64	Overworld.3.6.0
64	Overworld.4.1.0
64	Overworld.5.9.0
64	Overworld.8.0.0
64	Overworld.8.0.1
64	Overworld.8.0.3
64	Overworld.8.0.5
64	Overworld.8.12.0
64	Overworld.8.16.0
64	Overworld.9.0.0
1729	Overworld.0.0.0
1729	Overworld.0.10.0
1729	Overworld.0.9.0
1729	Overworld.1.0.0
1729	Overworld.1.2.0
1729	Overworld.1.9.0
1729	Overworld.10.0.0
1729	Overworld.10.1.0
1729	Overworld.10.10.0
1729	Overworld.10.14.0
1729	Overworld.11.0.0
1729	Overworld.12.12.0
1729	Overworld.12.16.0
1729	Overworld.13.0.0
1729	Overworld.14.0.0
1729	Overworld.14.9.0
1729	Overworld.15.0.0
1729	Overworld.15.13.0
1729	Overworld.16.0.0
1729	Overworld.16.1.0
1729	Overworld.16.13.0
1729	Overworld.17.13.0
1729	Overworld.19.12.0
1729	Overworld.19.4.0
1729	Overworld.2.0.0
1729	Overworld.2.1.0
1729	Overworld.2.9.0
1729	Overworld.3.0.0
1729	Overworld.3.1.0
1729	Overworld.3.6.0
1729	Overworld.4.1.0
1729	Overworld.5.9.0
1729	Overworld.8.0.0
1729	Overworld.8.0.1
1729	Overworld.8.0.3
1729	Overworld.8.0.5
1729	Overworld.8.16.0
1729	Overworld.9.0.0
2026	Overworld.0.0.0
2026	Overworld.0.10.0
2026	Overworld.0.9.0
2026	Overworld.1.0.0
2026	Overworld.1.2.0
2026	Overworld.1.9.0
2026	Overworld.10.0.0
2026	Overworld.10.10.0
2026	Overworld.10.14.0
2026	Overworld.10.2.0
2026	Overworld.11.0.0
2026	Overworld.12.12.0
2026	Overworld.13.0.0
2026	Overworld.14.0.0
2026	Overworld.14.9.0
2026	Overworld.15.0.0
2026	Overworld.15.13.0
2026	Overworld.16.0.0
2026	Overworld.16.1.0
2026	Overworld.16.13.0
2026	Overworld.17.13.0
2026	Overworld.18.7.0
2026	Overworld.19.12.0
2026	Overworld.2.0.0
2026	Overworld.2.1.0
2026	Overworld.2.9.0
2026	Overworld.3.0.0
2026	Overworld.3.1.0
2026	Overworld.3.6.0
2026	Overworld.4.1.0
2026	Overworld.5.9.0
2026	Overworld.7.18.0
2026	Overworld.8.0.0
2026	Overworld.8.0.1
2026	Overworld.8.0.3
2026	Overworld.8.0.5
2026	Overworld.8.16.0
2026	Overworld.9.0.0
729490642	Overworld.0.0.0
729490642	Overworld.0.10.0
729490642	Overworld.0.9.0
729490642	Overworld.1.0.0
729490642	Overworld.1.2.0
729490642	Overworld.1.9.0
729490642	Overworld.10.0.0
729490642	Overworld.10.10.0
729490642	Overworld.10.14.0
729490642	Overworld.11.0.0
729490642	Overworld.11.17.0
729490642	Overworld.12.0.0
729490642	Overworld.12.12.0
729490642	Overworld.13.0.0
729490642	Overworld.14.0.0
729490642	Overworld.14.9.0
729490642	Overworld.15.0.0
729490642	Overworld.15.13.0
729490642	Overworld.16.0.0
729490642	Overworld.16.1.0
729490642	Overworld.16.13.0
729490642	Overworld.17.13.0
729490642	Overworld.19.12.0
729490642	Overworld.19.6.0
729490642	Overworld.2.0.0
729490642	Overworld.2.1.0
729490642	Overworld.2.9.0
729490642	Overworld.3.0.0
729490642	Overworld.3.1.0
729490642	Overworld.3.6.0
729490642	Overworld.4.1.0
729490642	Overworld.5.9.0
729490642	Overworld.8.0.0
729490642	Overworld.8.0.1
729490642	Overworld.8.0.3
729490642	Overworld.8.0.5
729490642	Overworld.8.16.0
729490642	Overworld.9.0.0
