seed,zone,repetition,disposition,entities,coldMilliseconds,cachedMilliseconds
1729,Overworld.10.8.0,0,1,2297,151.937500,0.012800
1729,Overworld.11.2.0,0,1,2268,132.577500,0.007000
1729,Overworld.4.9.0,0,2,2213,891.362400,0.003100
1729,Overworld.5.10.0,0,1,2226,144.536900,0.002300
1729,Overworld.10.8.0,1,1,2297,172.398400,0.006200
1729,Overworld.11.2.0,1,1,2268,172.286300,0.007500
1729,Overworld.4.9.0,1,2,2213,956.723700,0.008800
1729,Overworld.5.10.0,1,1,2226,162.719000,0.006800
1729,Overworld.10.8.0,2,1,2297,157.212100,0.007100
1729,Overworld.11.2.0,2,1,2268,152.913900,0.006800
1729,Overworld.4.9.0,2,2,2213,892.036400,0.008800
1729,Overworld.5.10.0,2,1,2226,179.507600,0.007400
